Quantity,Part,Description,Link
1,Custom PCB,Custom PCB,JLCPCB
1,Seeed XIAO RP2040,Microcontroller,Seeed Studio
16,1N4148W,Diode SOD-123,DigiKey
16,Cherry MX,MX-style switch,Adafruit
16,DSA Keycap,DSA-style keycap,Adafruit
1,PEC11R,Rotary encoder,Adafruit
4,SK6812/WS2812,NeoPixel 5050,DigiKey
4,0.1uF,0603 capacitor,DigiKey
1,74AHCT1G125,Level shifter,DigiKey
1,PCF8574T,IO expander,DigiKey
1,10kΩ,0805 resistor,DigiKey
1,4.7kΩ,0805 resistor,DigiKey
5,M2 x 2.5mm,Screw,
4,Rubber feet,Bumper feet,Adafruit
